,val_score,abs_score,over_score,under_score,non_parity_score,,test
val_score,0.08181431144475937,0.08086328208446503,0.08259881287813187,0.08264601230621338,0.0820508673787117,0.08123423159122467,OP
abs_score,0.08181431144475937,0.08086328208446503,0.08259881287813187,0.08264601230621338,0.0820508673787117,0.08123423159122467,OP
over_score,0.0,0.0,0.0,0.0,0.0,0.0,OP
under_score,0.08181431750456492,0.08086327920357386,0.08259881466627121,0.08264601618051529,0.08205087224642436,0.0812342291076978,OP
non_parity_score,0.0006159543991088867,0.0004184842109680176,0.0001156926155090332,0.00015553832054138184,2.0325183868408203e-05,0.00019845366477966309,OP
rmse,0.3458241820335388,0.479936808347702,0.3963722288608551,0.41612958908081055,0.25573426485061646,0.4107191860675812,OP
